Prior,Active_Units,Z_Dim,Avg_Var
standard,32,40,0.49283868
standard,32,40,0.49283868
standard,32,40,0.49283868
standard,32,40,0.49283868
standard,32,40,0.49283868
