Prior,Active_Units,Z_Dim,Avg_Var
standard,30,40,0.48096067
standard,30,40,0.48096067
standard,30,40,0.48096067
standard,30,40,0.48096067
standard,30,40,0.48096067
